{"code-base-name": "tic_tac_toe_frontend", "description": "", "sources": [{"code-base-name": "tic_tac_toe_frontend", "file_id": 4, "knowledge_revision": 25, "git_revision": "48e4cf2345f2af877b20236566a10e6addf9493a"}, {"code-base-name": "tic_tac_toe_frontend", "file_id": 1, "knowledge_revision": 2, "git_revision": ""}, {"code-base-name": "tic_tac_toe_frontend", "file_id": 2, "knowledge_revision": 29, "git_revision": "28561a45d421adb3f765d1f9291b78ef991e711a"}, {"code-base-name": "tic_tac_toe_frontend", "file_id": 13, "knowledge_revision": 33, "git_revision": ""}, {"code-base-name": "tic_tac_toe_frontend", "file_id": 12, "knowledge_revision": 9, "git_revision": "d1685393a172cca31045afb4972839c8a81b64f1"}, {"code-base-name": "tic_tac_toe_frontend", "file_id": 7, "knowledge_revision": 4, "git_revision": ""}], "filename": "FEATURES.md", "knowledge_revision": 35}