{"code-base-name": "tic_tac_toe_frontend", "description": "", "sources": [{"code-base-name": "tic_tac_toe_frontend", "file_id": 12, "knowledge_revision": 9, "git_revision": "d1685393a172cca31045afb4972839c8a81b64f1"}, {"code-base-name": "tic_tac_toe_frontend", "file_id": 7, "knowledge_revision": 4, "git_revision": ""}, {"code-base-name": "tic_tac_toe_frontend", "file_id": 9, "knowledge_revision": 5, "git_revision": ""}, {"code-base-name": "tic_tac_toe_frontend", "file_id": 4, "knowledge_revision": 25, "git_revision": "48e4cf2345f2af877b20236566a10e6addf9493a"}, {"code-base-name": "tic_tac_toe_frontend", "file_id": 1, "knowledge_revision": 2, "git_revision": ""}], "filename": "PROJECT_DOCUMENTATION.md", "knowledge_revision": 32}