{"is_source_file": false, "format": "", "description": "", "external_files": [], "external_methods": [], "published": [], "classes": [], "methods": [], "calls": [], "search-terms": [], "state": 2, "file_id": 14, "knowledge_revision": 36, "git_revision": "1ed4be55159ebeb4d7acf51a68621278d11e4c36", "hash": "b6b1698de2e47770fc5eb9b324ca9422", "format-version": 4, "code-base-name": "tic_tac_toe_frontend", "filename": "FEATURES.md", "revision_history": [{"36": "1ed4be55159ebeb4d7acf51a68621278d11e4c36"}]}