{"is_source_file": false, "format": "", "description": "", "external_files": [], "external_methods": [], "published": [], "classes": [], "methods": [], "calls": [], "search-terms": [], "state": 2, "file_id": 13, "knowledge_revision": 34, "git_revision": "8f68d61ff3670309015a1d2c4ff601d93fdffe0a", "hash": "86fce0a2511e9aa93492a411f5adc965", "format-version": 4, "code-base-name": "tic_tac_toe_frontend", "filename": "PROJECT_DOCUMENTATION.md", "revision_history": [{"34": "8f68d61ff3670309015a1d2c4ff601d93fdffe0a"}]}