{"is_source_file": false, "format": "", "description": "", "external_files": [], "external_methods": [], "published": [], "classes": [], "methods": [], "calls": [], "search-terms": [], "state": 2, "file_id": 12, "knowledge_revision": 23, "git_revision": "d1685393a172cca31045afb4972839c8a81b64f1", "hash": "86af737b419974ccbc9f8ec146e05d93", "format-version": 4, "code-base-name": "tic_tac_toe_frontend", "filename": "README.md", "revision_history": [{"23": "d1685393a172cca31045afb4972839c8a81b64f1"}]}