{"is_source_file": false, "format": "", "description": "", "external_files": [], "external_methods": [], "published": [], "classes": [], "methods": [], "calls": [], "search-terms": [], "state": 2, "file_id": 11, "knowledge_revision": 15, "git_revision": "48e4cf2345f2af877b20236566a10e6addf9493a", "hash": "d2b40d02d5f7873d8a6713bad837edd4", "format-version": 4, "code-base-name": "tic_tac_toe_frontend", "filename": "tic_tac_toe_frontend/public/index.html", "revision_history": [{"15": "48e4cf2345f2af877b20236566a10e6addf9493a"}]}