{"is_source_file": false, "format": null, "description": null, "external_files": [], "external_methods": [], "published": [], "classes": [], "methods": [], "calls": [], "search-terms": ["index.css", "CSS styling", "body styles", "font-family", "background color"], "state": 2, "file_id": 6, "knowledge_revision": 27, "git_revision": "48e4cf2345f2af877b20236566a10e6addf9493a", "hash": "80d37ea4d1202c33bf731cf5db63b54f", "format-version": 4, "code-base-name": "tic_tac_toe_frontend", "filename": "tic_tac_toe_frontend/src/index.css", "revision_history": [{"27": "48e4cf2345f2af877b20236566a10e6addf9493a"}]}