{"is_source_file": true, "format": "JavaScript (React JSX)", "description": "This file contains a React component for a two-player Tic Tac Toe game. It manages game state, rendering UI, user interactions, and game logic within a single component.", "external_files": ["./App.css"], "external_methods": ["React.useState", "React.useMemo"], "published": ["App"], "classes": [], "methods": [{"name": "App()", "description": "Main React component that handles the Tic Tac Toe game state and UI.", "scope": "", "scopeKind": ""}, {"name": "handleSquareClick(index)", "description": "Handles user click on a square, placing a mark if the move is valid.", "scope": "App", "scopeKind": "function"}, {"name": "restartGame()", "description": "Resets the game to the initial state, starting a new game.", "scope": "App", "scopeKind": "function"}], "calls": ["React.useState", "React.useMemo", "setSquares", "setNextPlayer", "Array.prototype.slice", "squares.every", "break", "setSquares", "setNextPlayer", "map", "handleSquareClick", "restartGame"], "search-terms": ["React", "useState", "useMemo", "Tic Tac Toe", "game state", "board rendering", "winner", "player turn"], "state": 2, "file_id": 4, "knowledge_revision": 25, "git_revision": "48e4cf2345f2af877b20236566a10e6addf9493a", "ctags": [{"_type": "tag", "name": "App", "path": "/home/kavia/workspace/code-generation/two-player-tic-tac-toe-320487-320497/tic_tac_toe_frontend/src/App.js", "pattern": "/^function App() {$/", "language": "JavaScript", "kind": "function", "signature": "()"}, {"_type": "tag", "name": "O", "path": "/home/kavia/workspace/code-generation/two-player-tic-tac-toe-320487-320497/tic_tac_toe_frontend/src/App.js", "pattern": "/^  O: \"O\",$/", "language": "JavaScript", "kind": "property", "scope": "PLAYERS", "scopeKind": "class"}, {"_type": "tag", "name": "PLAYERS", "path": "/home/kavia/workspace/code-generation/two-player-tic-tac-toe-320487-320497/tic_tac_toe_frontend/src/App.js", "pattern": "/^const PLAYERS = {$/", "language": "JavaScript", "kind": "class"}, {"_type": "tag", "name": "WIN_LINES", "path": "/home/kavia/workspace/code-generation/two-player-tic-tac-toe-320487-320497/tic_tac_toe_frontend/src/App.js", "pattern": "/^const WIN_LINES = [$/", "language": "JavaScript", "kind": "constant"}, {"_type": "tag", "name": "X", "path": "/home/kavia/workspace/code-generation/two-player-tic-tac-toe-320487-320497/tic_tac_toe_frontend/src/App.js", "pattern": "/^  X: \"X\",$/", "language": "JavaScript", "kind": "property", "scope": "PLAYERS", "scopeKind": "class"}, {"_type": "tag", "name": "handleSquareClick", "path": "/home/kavia/workspace/code-generation/two-player-tic-tac-toe-320487-320497/tic_tac_toe_frontend/src/App.js", "pattern": "/^  function handleSquareClick(index) {$/", "language": "JavaScript", "kind": "function", "signature": "(index)", "scope": "App", "scopeKind": "function"}, {"_type": "tag", "name": "restartGame", "path": "/home/kavia/workspace/code-generation/two-player-tic-tac-toe-320487-320497/tic_tac_toe_frontend/src/App.js", "pattern": "/^  function restartGame() {$/", "language": "JavaScript", "kind": "function", "signature": "()", "scope": "App", "scopeKind": "function"}], "hash": "9ea6b537065429fd9d12beea137d2da0", "format-version": 4, "code-base-name": "tic_tac_toe_frontend", "filename": "tic_tac_toe_frontend/src/App.js", "fields": [{"name": "O: \"O\",", "scope": "PLAYERS", "scopeKind": "class", "description": "unavailable"}, {"name": "X: \"X\",", "scope": "PLAYERS", "scopeKind": "class", "description": "unavailable"}], "revision_history": [{"25": "48e4cf2345f2af877b20236566a10e6addf9493a"}]}