{"is_source_file": false, "format": "", "description": "", "external_files": [], "external_methods": [], "published": [], "classes": [], "methods": [], "calls": [], "search-terms": [], "state": 2, "file_id": 9, "knowledge_revision": 30, "git_revision": "48e4cf2345f2af877b20236566a10e6addf9493a", "hash": "28b07ffc61af8f026a787aecd1a5205f", "format-version": 4, "code-base-name": "tic_tac_toe_frontend", "filename": "tic_tac_toe_frontend/package.json", "revision_history": [{"30": "48e4cf2345f2af877b20236566a10e6addf9493a"}]}