{"is_source_file": false, "format": "", "description": "", "external_files": [], "external_methods": [], "published": [], "classes": [], "methods": [], "calls": [], "search-terms": [], "state": 2, "file_id": 1, "knowledge_revision": 31, "git_revision": "28561a45d421adb3f765d1f9291b78ef991e711a", "hash": "9eef8abf49d83ded694d473b2bc8291a", "format-version": 4, "code-base-name": "tic_tac_toe_frontend", "filename": "tic_tac_toe_frontend/src/App.css", "revision_history": [{"31": "28561a45d421adb3f765d1f9291b78ef991e711a"}]}