{"is_source_file": false, "format": "", "description": "", "external_files": [], "external_methods": [], "published": [], "classes": [], "methods": [], "calls": [], "search-terms": [], "state": 2, "file_id": 1, "knowledge_revision": 26, "git_revision": "48e4cf2345f2af877b20236566a10e6addf9493a", "hash": "4782cbd4e5e2f69eff0fea47a462e7c9", "format-version": 4, "code-base-name": "tic_tac_toe_frontend", "filename": "tic_tac_toe_frontend/src/App.css", "revision_history": [{"26": "48e4cf2345f2af877b20236566a10e6addf9493a"}]}