{"is_source_file": false, "format": "", "description": "", "external_files": [], "external_methods": [], "published": [], "classes": [], "methods": [], "calls": [], "search-terms": [], "state": 2, "file_id": 1, "knowledge_revision": 32, "git_revision": "e6c18582428106f3a40ccc7a10e491cb953f0ec1", "hash": "8d942a5aa9b2ad49a2a7c9f22cd0cefc", "format-version": 4, "code-base-name": "tic_tac_toe_frontend", "filename": "tic_tac_toe_frontend/src/App.css", "revision_history": [{"32": "e6c18582428106f3a40ccc7a10e491cb953f0ec1"}]}