{"is_source_file": true, "format": "JavaScript/JSX", "description": "This is the entry point for a React application, setting up rendering of the App component into the DOM root.", "external_files": ["react", "react-dom/client", "./index.css", "./App"], "external_methods": ["ReactDOM.createRoot", "root.render"], "published": ["React", "ReactDOM"], "classes": [], "methods": [{"name": "ReactDOM.createRoot", "description": "Creates a root to render React components into the specified DOM element."}, {"name": "root.render", "description": "Initializes the rendering of the React component tree into the root."}], "calls": ["ReactDOM.createRoot", "root.render", "document.getElementById", "<React.StrictMode>", "<App />"], "search-terms": ["React", "ReactDOM", "index.js", "frontend", "React StrictMode", "App component"], "state": 2, "file_id": 5, "knowledge_revision": 24, "git_revision": "48e4cf2345f2af877b20236566a10e6addf9493a", "ctags": [{"_type": "tag", "name": "root", "path": "/home/kavia/workspace/code-generation/two-player-tic-tac-toe-320487-320497/tic_tac_toe_frontend/src/index.js", "pattern": "/^const root = ReactDOM.createRoot(document.getElementById('root'));$/", "language": "JavaScript", "kind": "constant"}], "hash": "9fc5841375336fc175b49f8767a11383", "format-version": 4, "code-base-name": "tic_tac_toe_frontend", "filename": "tic_tac_toe_frontend/src/index.js", "revision_history": [{"24": "48e4cf2345f2af877b20236566a10e6addf9493a"}]}